country,director,genre,language,rating,runtime,titleC
美国,弗兰克·德拉邦特,"剧情,犯罪",英语,9.6,142分钟,肖申克的救赎 The Shawshank Redemption
中国大陆 / 香港,陈凯歌,"剧情,爱情,同性",汉语普通话,9.5,171 分钟,霸王别姬
法国,吕克·贝松,"剧情,动作,犯罪",英语 / 意大利语 / 法语,9.4,110分钟(剧场版),这个杀手不太冷 Léon
美国,罗伯特·泽米吉斯,"剧情,爱情",英语,9.4,142 分钟,阿甘正传 Forrest Gump
意大利,罗伯托·贝尼尼,"剧情,喜剧,爱情,战争",意大利语 / 德语 / 英语,9.5,116分钟,美丽人生 La vita è bella
美国,詹姆斯·卡梅隆,"剧情,爱情,灾难",英语 / 意大利语 / 德语 / 俄语,9.2,194分钟,泰坦尼克号 Titanic
日本,宫崎骏,"剧情,动画,奇幻",日语,9.2,125分钟,千与千寻 千と千尋の神隠し
美国,史蒂文·斯皮尔伯格,"剧情,历史,战争",英语 / 希伯来语 / 德语 / 波兰语,9.4,195分钟,辛德勒的名单 Schindler's List
美国 / 英国,克里斯托弗·诺兰,"剧情,科幻,悬疑,冒险",英语 / 日语 / 法语,9.2,148分钟,盗梦空间 Inception
美国,安德鲁·斯坦顿,"爱情,科幻,动画,冒险",英语,9.3,98分钟,机器人总动员 WALL·E
印度,拉吉库马尔·希拉尼,"剧情,喜剧,爱情,歌舞",印地语 / 乌尔都语 / 英语,9.1,171分钟(印度),三傻大闹宝莱坞 3 Idiots
意大利,朱塞佩·托纳多雷,"剧情,音乐",英语 / 法语,9.2,165分钟,海上钢琴师 La leggenda del pianista sull'oceano
美国 / 英国,拉斯·霍尔斯道姆,剧情,英语 / 日语,9.2,93分钟,忠犬八公的故事 Hachi: A Dog's Tale
法国 / 瑞士 / 德国,克里斯托夫·巴拉蒂,"剧情,音乐",法语,9.2,97 分钟,放牛班的春天 Les choristes
香港 / 中国大陆,刘镇伟,"喜剧,爱情,奇幻,冒险",粤语 / 汉语普通话,9.2,95分钟,大话西游之大圣娶亲 西遊記大結局之仙履奇緣
美国,彼得·威尔,"剧情,科幻",英语,9.1,103 分钟,楚门的世界 The Truman Show
日本,宫崎骏,"动画,家庭,儿童,奇幻",日语,9.1,86分钟,龙猫 となりのトトロ
美国,弗朗西斯·福特·科波拉,"剧情,犯罪",英语 / 意大利语 / 拉丁语,9.2,175 分钟,教父 The Godfather
美国 / 英国 / 加拿大 / 冰岛,克里斯托弗·诺兰,"剧情,科幻,冒险",英语,9.1,169分钟,星际穿越 Interstellar
法国,"奥利维埃·纳卡什,埃里克·托莱达诺","剧情,喜剧",法语,9.1,112分钟,触不可及 Intouchables
美国,"维克多·弗莱明,乔治·库克,山姆·伍德","剧情,爱情,历史,战争",英语,9.2,238分钟,乱世佳人 Gone with the Wind
香港,"刘伟强,麦兆辉","剧情,悬疑,犯罪",粤语,9.0,101分钟,无间道 無間道
美国,加布里埃莱·穆奇诺,"剧情,家庭,传记",英语 / 粤语,8.9,117分钟,当幸福来敲门 The Pursuit of Happyness
美国,罗伯·莱纳,"剧情,喜剧,爱情",英语,8.9,90分钟,怦然心动 Flipped
意大利 / 法国,朱塞佩·托纳多雷,"剧情,爱情",意大利语 / 英语 / 葡萄牙语,9.1,155分钟,天堂电影院 Nuovo Cinema Paradiso
美国,西德尼·吕美特,剧情,英语,9.4,96 分钟,十二怒汉 12 Angry Men
美国 / 台湾 / 英国 / 加拿大,李安,"剧情,奇幻,冒险",英语 / 泰米尔语 / 法语 / 日语 / 印地语 / 汉语普通话,9.0,127分钟,少年派的奇幻漂流 Life of Pi
美国 / 英国,克里斯托弗·诺兰,"剧情,动作,科幻,惊悚,犯罪",英语 / 汉语普通话,9.0,152分钟,蝙蝠侠：黑暗骑士 The Dark Knight
中国大陆,姜文,"剧情,历史,战争",汉语普通话 / 日语 / 唐山话,9.2,139分钟,鬼子来了
美国 / 德国,大卫·芬奇,"剧情,动作,悬疑,惊悚",英语,9.0,139 分钟,搏击俱乐部 Fight Club
中国大陆 / 香港,张艺谋,"剧情,家庭,历史",汉语普通话,9.1,132分钟,活着
美国 / 新西兰,彼得·杰克逊,"剧情,动作,奇幻,冒险",英语 / 昆雅语 / 古英语 / 辛达林语,9.1,201分钟,指环王3：王者无敌 The Lord of the Rings: The Return of the King
美国,"拜伦·霍华德,瑞奇·摩尔,杰拉德·布什","喜剧,动画,冒险",英语 / 挪威语,9.2,109分钟(中国大陆),疯狂动物城 Zootopia
日本,宫崎骏,"动画,奇幻,冒险",日语,9.0,125分钟,天空之城 天空の城ラピュタ
香港 / 中国大陆,刘镇伟,"喜剧,爱情,奇幻,冒险",粤语 / 汉语普通话,8.9,87分钟,大话西游之月光宝盒 西遊記第壹佰零壹回之月光寶盒
美国,威廉·惠勒,"剧情,喜剧,爱情",英语 / 意大利语 / 德语,8.9,118 分钟,罗马假日 Roman Holiday
美国,"彼特·道格特,鲍勃·彼德森","剧情,喜剧,动画,冒险",英语,8.9,96分钟,飞屋环游记 Up
美国,比利·怀德,"剧情,悬疑,犯罪",英语 / 德语,9.6,116分钟,控方证人 Witness for the Prosecution
德国,弗洛里安·亨克尔·冯·多纳斯马尔克,"剧情,悬疑",德语,9.1,137分钟,窃听风暴 Das Leben der Anderen
英国,盖·里奇,"剧情,喜剧,犯罪",英语,9.1,107分钟,"两杆大烟枪 Lock, Stock and Two Smoking Barrels"
美国,米洛斯·福尔曼,剧情,英语,9.0,133分钟,飞越疯人院 One Flew Over the Cuckoo's Nest
美国,马丁·布莱斯,剧情,英语,8.9,157 分钟,闻香识女人 Scent of a Woman
日本,宫崎骏,"动画,奇幻,冒险",日语,8.9,119分钟,哈尔的移动城堡 ハウルの動く城
韩国,杨宇硕,剧情,韩语,9.1,127分钟,辩护人 변호인
美国,路易·西霍尤斯,纪录片,英语 / 日语,9.3,92分钟,海豚湾 The Cove
美国 / 英国 / 德国,詹姆斯·麦克特格,"剧情,动作,科幻,惊悚",英语,8.8,132分钟,V字仇杀队 V for Vendetta
美国,彼得·威尔,剧情,英语,8.9,128 分钟,死亡诗社 Dead Poets Society
美国,弗朗西斯·福特·科波拉,"剧情,犯罪",英语 / 意大利语 / 西班牙语 / 拉丁语 / 西西里语,9.1,202分钟,教父2 The Godfather: Part Ⅱ
美国,朗·霍华德,"剧情,传记",英语,8.9,135 分钟,美丽心灵 A Beautiful Mind
美国 / 新西兰,彼得·杰克逊,"剧情,动作,奇幻,冒险",英语 / 辛达林语 / 古代英语,8.9,179分钟,指环王2：双塔奇兵 The Lord of the Rings: The Two Towers
新西兰 / 美国,彼得·杰克逊,"剧情,动作,奇幻,冒险",英语 / 辛达林语,8.9,178分钟,指环王1：魔戒再现 The Lord of the Rings: The Fellowship of the Ring
台湾 / 美国,李安,"剧情,家庭",汉语普通话 / 闽南语 / 湖南话,9.1,124分钟,饮食男女 飲食男女
日本,岩井俊二,"剧情,爱情",日语,8.8,117分钟,情书 Love Letter
印度,涅提·蒂瓦里,"剧情,家庭,传记,运动",印地语,9.1,161分钟(印度),摔跤吧！爸爸 Dangal
意大利 / 美国,赛尔乔·莱翁内,"剧情,犯罪",英语 / 法语 / 意大利语,9.1,229分钟(导演剪辑版),美国往事 Once Upon a Time in America
美国,"罗杰·阿勒斯,罗伯·明可夫","剧情,动画,歌舞,家庭,冒险",英语 / 斯瓦希里语 / 科萨语 / 祖鲁语,8.9,89 分钟,狮子王 The Lion King
法国 / 德国 / 英国 / 波兰,罗曼·波兰斯基,"剧情,音乐,传记,历史,战争",英语 / 德语 / 俄语,9.0,150分钟,钢琴家 The Pianist
韩国,李濬益,剧情,韩语,9.1,123分钟,素媛 소원
法国 / 德国,让-皮埃尔·热内,"喜剧,爱情",法语 / 俄语,8.7,122分钟,天使爱美丽 Le fabuleux destin d'Amélie Poulain
伊朗,马基德·马基迪,"剧情,家庭,儿童",波斯语,9.2,89 分钟,小鞋子 بچههای آسمان
美国,大卫·芬奇,"剧情,悬疑,惊悚,犯罪",英语 / 葡萄牙语,8.7,127分钟,七宗罪 Se7en
日本,中岛哲也,"剧情,歌舞",日语,8.8,130 分钟,被嫌弃的松子的一生 嫌われ松子の一生
美国 / 英国,克里斯托弗·诺兰,"剧情,悬疑,惊悚",英语,8.8,130分钟,致命魔术 The Prestige
美国,大卫·芬奇,"剧情,爱情,奇幻",英语 / 俄语 / 法语,8.7,166分钟,本杰明·巴顿奇事 The Curious Case of Benjamin Button
美国,罗伯特·怀斯,"剧情,爱情,歌舞,传记",英语,8.9,174分钟,音乐之声 The Sound of Music
美国,梅尔·吉布森,"剧情,动作,传记,历史,战争",英语 / 法语 / 拉丁语 / 苏格兰盖尔语,8.8,177 分钟,勇敢的心 Braveheart
意大利 / 美国,朱塞佩·托纳多雷,"剧情,情色,战争",意大利语 / 英语 / 拉丁语 / 古希腊语,8.7,109 分钟,西西里的美丽传说 Malèna
美国,蒂姆·波顿,"剧情,爱情,奇幻",英语,8.7,105 分钟,剪刀手爱德华 Edward Scissorhands
美国,昆汀·塔伦蒂诺,"剧情,喜剧,犯罪",英语 / 西班牙语 / 法语,8.8,154分钟,低俗小说 Pulp Fiction
美国 / 澳大利亚,"莉莉·沃卓斯基,拉娜·沃卓斯基","动作,科幻",英语,8.8,136分钟,黑客帝国 The Matrix
美国,史蒂文·斯皮尔伯格,"剧情,历史,战争",英语 / 法语 / 德语 / 捷克语,8.9,169分钟,拯救大兵瑞恩 Saving Private Ryan
美国,乔纳森·戴米,"剧情,惊悚,犯罪",英语,8.7,118分钟,沉默的羔羊 The Silence of the Lambs
西班牙,奥里奥尔·保罗,"剧情,悬疑,惊悚,犯罪",西班牙语,8.7,106分钟,看不见的客人 Contratiempo
中国大陆 / 香港,姜文,"剧情,喜剧,动作,西部",汉语普通话 / 四川话 / 山西话,8.7,132分钟,让子弹飞
美国 / 加拿大,"埃里克·布雷斯,J·麦基·格鲁伯","剧情,科幻,悬疑,惊悚",英语,8.7,113分钟,蝴蝶效应 The Butterfly Effect
日本,泷田洋二郎,剧情,日语,8.8,130 分钟,入殓师 おくりびと
香港 / 日本 / 韩国,王家卫,"剧情,爱情,同性",粤语 / 汉语普通话 / 西班牙语,8.8,96分钟,春光乍泄 春光乍洩
中国大陆,"万籁鸣,唐澄","动画,奇幻",汉语普通话,9.2,114分钟,大闹天宫
澳大利亚,亚当·艾略特,"剧情,动画",英语 / 依地语,8.9,92分钟,玛丽和马克思 Mary and Max
意大利 / 中国大陆 / 英国 / 法国,贝纳尔多·贝托鲁奇,"剧情,传记,历史",英语 / 汉语普通话 / 日语 / 俄语,8.9,163分钟,末代皇帝 The Last Emperor
美国,格斯·范·桑特,剧情,英语,8.8,126 分钟,心灵捕手 Good Will Hunting
中国大陆 / 香港,姜文,剧情,汉语普通话,8.7,134分钟(中国大陆),阳光灿烂的日子
日本,宫崎骏,"动作,爱情,动画,战争,奇幻,冒险",日语,8.8,134分钟,幽灵公主 もののけ姫
美国,M·奈特·沙马兰,"剧情,悬疑,惊悚",英语 / 拉丁语 / 西班牙语,8.8,107分钟,第六感 The Sixth Sense
美国 / 德国 / 英国,韦斯·安德森,"剧情,喜剧,冒险",英语 / 法语 / 德语,8.8,99分钟,布达佩斯大饭店 The Grand Budapest Hotel
香港,王家卫,"剧情,爱情",粤语 / 汉语普通话 / 英语 / 印地语 / 日语,8.7,102分钟,重庆森林 重慶森林
美国,马丁·斯科塞斯,"剧情,悬疑,惊悚",英语 / 德语,8.6,138 分钟,禁闭岛 Shutter Island
美国 / 英国,克里斯·哥伦布,"奇幻,冒险",英语,8.7,152分钟,哈利·波特与魔法石 Harry Potter and the Sorcerer's Stone
丹麦 / 瑞典,托马斯·温特伯格,剧情,丹麦语 / 英语 / 波兰语,9.0,115分钟,狩猎 Jagten
美国 / 加拿大,史蒂文·斯皮尔伯格,"剧情,传记,犯罪",英语 / 法语,8.7,141 分钟,猫鼠游戏 Catch Me If You Can
美国,蒂姆·波顿,"剧情,家庭,奇幻,冒险",英语 / 法语 / 俄语 / 粤语 / 汉语普通话,8.7,125 分钟,大鱼 Big Fish
美国,詹姆斯·曼高德,"剧情,悬疑,惊悚",英语,8.6,90分钟,致命ID Identity
美国 / 加拿大,李安,"剧情,爱情,同性,家庭",英语,8.6,134分钟,断背山 Brokeback Mountain
香港,陈可辛,"剧情,爱情",粤语 / 汉语普通话 / 英语,8.8,118分钟(中国大陆),甜蜜蜜
香港,刘镇伟,"喜剧,古装",粤语,8.7,113分钟(香港),射雕英雄传之东成西就 射鵰英雄傳之東成西就
台湾 / 日本,杨德昌,"剧情,爱情,家庭",汉语普通话 / 闽南语 / 英语 / 日语,8.9,173分钟,一一
日本,中岛哲也,"剧情,惊悚",日语,8.7,106分钟,告白
韩国,姜炯哲,"剧情,喜剧",韩语,8.8,124分钟,阳光姐妹淘 써니
美国,戈尔·维宾斯基,"动作,奇幻,冒险",英语,8.6,143 分钟,加勒比海盗 Pirates of the Caribbean: The Curse of the Black Pearl
英国 / 美国,马克·赫尔曼,"剧情,战争",英语,8.9,94 分钟,穿条纹睡衣的男孩 The Boy in the Striped Pajamas
巴西 / 法国,"卡迪亚·兰德,费尔南多·梅里尔斯","剧情,犯罪",葡萄牙语,8.9,130分钟,上帝之城 Cidade de Deus
美国,查理·卓别林,"剧情,喜剧,爱情",英语,9.2,87 分钟,摩登时代 Modern Times
美国 / 英国,詹姆斯·卡梅隆,"动作,科幻,战争,冒险",英语 / 西班牙语,8.6,162分钟,阿凡达 Avatar
美国 / 奥地利 / 瑞士,理查德·林克莱特,"剧情,爱情",英语 / 德语 / 法语,8.7,101分钟,爱在黎明破晓前 Before Sunrise
美国,大卫·芬奇,"剧情,悬疑,惊悚,犯罪",英语,8.7,149分钟,消失的爱人 Gone Girl
日本,宫崎骏,"科幻,动画,奇幻,冒险",日语,8.8,117分钟,风之谷 風の谷のナウシカ
美国,理查德·林克莱特,"剧情,爱情",英语 / 法语,8.7,80 分钟,爱在日落黄昏时 Before Sunset
日本,近藤喜文,"剧情,爱情,动画,音乐",日语 / 英语,8.8,111分钟,侧耳倾听 耳をすませば
美国,托尼·凯耶,剧情,英语,8.8,97分钟,超脱 Detachment
日本,今敏,"科幻,动画,悬疑,惊悚",日语,8.9,90 分钟,红辣椒 パプリカ
韩国,金秉祐,"剧情,悬疑,犯罪",韩语,8.7,97分钟,恐怖直播 더 테러 라이브
香港,程小东,"剧情,爱情,武侠,古装",粤语,8.6,98分钟(香港),倩女幽魂
日本,森淳一,剧情,日语,8.9,111分钟,小森林 夏秋篇 リトル・フォレスト 夏・秋
香港,"周星驰,李力持","剧情,喜剧,爱情",粤语,8.5,85分钟,喜剧之王 喜劇之王
美国,"迪恩·德布洛斯,克里斯·桑德斯","喜剧,动画,家庭,奇幻,冒险",英语,8.7,98分钟,驯龙高手 How to Train Your Dragon
日本,北野武,"剧情,喜剧",日语,8.7,121 分钟,菊次郎的夏天 菊次郎の夏
美国,史蒂文·斯皮尔伯格,"剧情,喜剧,爱情",英语 / 俄语 / 法语 / 保加利亚语,8.6,128 分钟,幸福终点站 The Terminal
日本,高畑勋,"剧情,动画,战争",日语,8.7,89 分钟,萤火虫之墓 火垂るの墓
日本,米林宏昌,"动画,奇幻,冒险",日语,8.7,94分钟,借东西的小人阿莉埃蒂 借りぐらしのアリエッティ
香港 / 中国大陆,罗启锐,"剧情,家庭",粤语 / 汉语普通话 / 英语 / 上海话 / 法语,8.6,117分钟,岁月神偷 歲月神偷
日本,黑泽明,"剧情,动作,冒险",日语,9.2,160分钟(国际版),七武士 七人の侍
美国 / 法国,"皮埃尔·柯芬,克里斯·雷纳德","喜剧,动画,冒险",英语,8.5,95分钟,神偷奶爸 Despicable Me
英国 / 美国,"丹尼·博伊尔,洛芙琳·坦丹","剧情,爱情",英语 / 印地语 / 法语,8.5,120 分钟,贫民窟的百万富翁 Slumdog Millionaire
台湾 / 美国,李安,"剧情,喜剧,爱情,同性,家庭",汉语普通话 / 英语,8.8,108分钟,喜宴 囍宴
美国,温子仁,"悬疑,惊悚,恐怖",英语,8.6,103分钟,电锯惊魂 Saw
英国 / 美国 / 法国,理查德·柯蒂斯,"剧情,喜剧,爱情",英语 / 葡萄牙语 / 法语,8.5,135 分钟,真爱至上 Love Actually
美国 / 德国,保罗·格林格拉斯,"动作,悬疑,惊悚",英语 / 法语 / 阿拉伯语 / 俄语 / 西班牙语,8.7,115分钟,谍影重重3 The Bourne Ultimatum
法国 / 瑞士 / 西班牙 / 美国 / 阿联酋,"雅克·贝汉, 雅克·克鲁奥德",纪录片,法语,9.0,104分钟(法国),海洋 Océans
香港 / 台湾,王家卫,"剧情,动作,爱情,武侠,古装",粤语 / 汉语普通话,8.6,100分钟,东邪西毒 東邪西毒
美国,"彼特·道格特,大卫·斯沃曼,李·昂克里奇","喜剧,动画,儿童,奇幻,冒险",英语,8.6,92 分钟,"怪兽电力公司 Monsters, Inc."
美国,克里斯托弗·诺兰,"剧情,悬疑,惊悚,犯罪",英语,8.5,113分钟,记忆碎片 Memento
美国,巴瑞·莱文森,剧情,英语 / 意大利语,8.6,133分钟,雨人 Rain Man
美国,达伦·阿伦诺夫斯基,"剧情,惊悚",英语 / 法语 / 意大利语,8.5,108分钟,黑天鹅 Black Swan
美国,"柯克·德·米科,克里斯·桑德斯","喜剧,动画,冒险",英语,8.7,98分钟,疯狂原始人 The Croods
英国 / 南非 / 意大利 / 美国,特瑞·乔治,"剧情,历史,战争",英语 / 法语,8.8,121分钟,卢旺达饭店 Hotel Rwanda
美国,爱德华·兹威克,"剧情,爱情,家庭,西部",英语 / 康沃尔语,8.7,133分钟,燃情岁月 Legends of the Fall
法国 / 英国,热拉尔·乌里,"喜剧,战争",法语 / 英语 / 德语,8.9,132分钟,虎口脱险 La grande vadrouille
香港,吴宇森,"动作,犯罪",粤语 / 汉语普通话 / 英语,8.6,95分钟,英雄本色
日本,森淳一,剧情,日语,8.9,120分钟,小森林 冬春篇 リトル・フォレスト 冬・春
韩国,李焕庆,"剧情,喜剧,家庭",韩语,8.6,127分钟,7号房的礼物 7번방의 선물
美国 / 英国,大卫·叶茨,"剧情,悬疑,奇幻,冒险",英语,8.6,130分钟,哈利·波特与死亡圣器(下) Harry Potter and the Deathly Hallows: Part 2
法国 / 英国 / 美国,乔·赖特,"剧情,爱情",英语,8.4,129 分钟,傲慢与偏见 Pride & Prejudice
中国大陆,忻钰坤,"剧情,悬疑,犯罪",汉语普通话,8.6,110分钟(中国大陆),心迷宫
阿根廷 / 西班牙,达米安·斯兹弗隆,"剧情,喜剧,犯罪",西班牙语,8.7,122分钟,荒蛮故事 Relatos salvajes
日本,大森贵弘,"剧情,爱情,动画,奇幻",日语,8.7,45分钟,萤火之森 蛍火の杜へ
美国,尼克·卡萨维茨,"剧情,爱情",英语,8.4,123分钟,恋恋笔记本 The Notebook
美国,克林特·伊斯特伍德,"剧情,犯罪",英语,9.0,138分钟,完美的世界 A Perfect World
美国,弗朗西斯·福特·科波拉,"剧情,犯罪",英语 / 意大利语 / 德语 / 拉丁语,8.8,170分钟,教父3 The Godfather: Part III
美国,肯尼思·洛纳根,"剧情,家庭",英语,8.6,137分钟,海边的曼彻斯特 Manchester by the Sea
香港,吴宇森,"剧情,喜剧,动作,犯罪",粤语 / 汉语普通话 / 客家话 / 英语 / 法语,8.7,108分钟,纵横四海 緃横四海
香港,王家卫,"剧情,爱情",粤语 / 上海话 / 法语,8.5,98 分钟,花样年华 花樣年華
美国,李·昂克里奇,"喜剧,动画,奇幻,冒险",英语 / 西班牙语,8.8,103分钟,玩具总动员3 Toy Story 3
英国,丹尼·博伊尔,"剧情,犯罪",英语,8.5,94分钟,猜火车 Trainspotting
美国,茂文·勒鲁瓦,"剧情,爱情,战争",英语,8.8,108 分钟,魂断蓝桥 Waterloo Bridge
日本,细田守,"剧情,爱情,科幻,动画",日语,8.6,98分钟,穿越时空的少女 時をかける少女
意大利 / 法国 / 巴西 / 美国,卢卡·瓜达尼诺,"剧情,爱情,同性",意大利语 / 法语 / 德语 / 英语,8.7,132分钟,请以你的名字呼唤我 Call Me by Your Name
香港,李力持,"喜剧,爱情,古装",粤语,8.4,102 分钟,唐伯虎点秋香 唐伯虎點秋香
英国,理查德·柯蒂斯,"剧情,爱情,奇幻",英语,8.6,123分钟,时空恋旅人 About Time
美国,"斯坦利·多南,吉恩·凯利","喜剧,爱情,歌舞",英语,8.9,103 分钟,雨中曲 Singin' in the Rain
美国,"唐·霍尔,克里斯·威廉姆斯","喜剧,动作,科幻,动画,冒险",英语,8.6,102分钟,超能陆战队 Big Hero 6
美国 / 英国,克里斯托弗·诺兰,"剧情,动作,科幻,惊悚,犯罪",英语 / 阿拉伯语,8.5,165分钟,蝙蝠侠：黑暗骑士崛起 The Dark Knight Rises
美国,杰茜·尼尔森,"剧情,家庭",英语,8.8,132 分钟,我是山姆 I Am Sam
中国大陆,郭柯,纪录片,汉语普通话,8.7,99分钟(公映版),二十二
美国,史蒂文·斯皮尔伯格,"剧情,科幻,冒险",英语,8.6,146分钟,人工智能 Artificial Intelligence: AI
美国,"卡洛斯·沙尔丹哈,克里斯·韦奇","喜剧,动画,冒险",英语 / 克罗地亚语,8.4,81 分钟,冰川时代 Ice Age
德国,丹尼斯·甘塞尔,"剧情,惊悚",德语,8.7,107 分钟,浪潮 Die Welle
美国 / 德国,史蒂芬·戴德利,"剧情,爱情",英语 / 德语 / 希腊语 / 拉丁语,8.5,124 分钟,朗读者 The Reader
德国 / 法国 / 西班牙 / 美国,汤姆·提克威,"剧情,犯罪,奇幻",英语,8.4,147分钟,香水 Perfume: The Story of a Murderer
美国,达米恩·查泽雷,"剧情,音乐",英语,8.6,107分钟,爆裂鼓手 Whiplash
日本,黑泽明,"剧情,悬疑,犯罪",日语,8.7,88分钟,罗生门 羅生門
日本,今敏,"动画,惊悚,奇幻",日语,8.8,81 分钟,未麻的部屋 Perfect Blue
美国,让-马克·瓦雷,"剧情,同性,传记",英语 / 日语,8.7,117分钟,达拉斯买家俱乐部 Dallas Buyers Club
伊朗 / 法国,阿斯哈·法哈蒂,"剧情,家庭",波斯语,8.7,123分钟,一次别离 جدایی نادر از سیمین
英国,克里斯托弗·诺兰,"悬疑,惊悚,犯罪",英语,8.9,69分钟,追随 Following
香港,王家卫,"剧情,爱情,犯罪",粤语 / 汉语普通话 / 英语 / 菲律宾语 / 上海话,8.5,94分钟,阿飞正传 阿飛正傳
中国大陆 / 香港,陆川,"剧情,犯罪",汉语普通话 / 藏语,8.7,85分钟(中国大陆),可可西里
美国 / 德国,保罗·哈吉斯,"剧情,犯罪",英语 / 波斯语 / 西班牙语 / 汉语普通话 / 韩语,8.6,112分钟,撞车 Crash
英国 / 澳大利亚,克里斯托弗·史密斯,"剧情,悬疑,惊悚",英语,8.3,99 分钟,恐怖游轮 Triangle
美国 / 法国,安德鲁·尼科尔,"剧情,犯罪",英语 / 法语 / 德语 / 俄语 / 西班牙语 / 乌克兰语 / 阿拉伯语 / 土耳其语 / 汉语普通话,8.5,122 分钟,战争之王 Lord of War
美国,昆汀·塔伦蒂诺,"剧情,动作,西部,冒险",英语 / 法语 / 德语,8.5,163分钟(中国大陆),被解救的姜戈 Django Unchained
印度,阿米尔·汗,"剧情,家庭,儿童",印地语 / 英语,8.8,165分钟,地球上的星星 Taare Zameen Par
美国 / 澳大利亚,梅尔·吉布森,"剧情,传记,历史,战争",英语,8.6,139分钟(中国大陆),血战钢锯岭 Hacksaw Ridge
美国,达伦·阿伦诺夫斯基,剧情,英语,8.7,102分钟,梦之安魂曲 Requiem for a Dream
台湾,杨德昌,"剧情,犯罪",汉语普通话 / 闽南语 / 上海话 / 粤语,8.7,237分钟(导演剪辑版),牯岭街少年杀人事件 牯嶺街少年殺人事件
美国,"彼特·道格特,罗纳尔多·德尔·卡门","喜剧,动画,冒险",英语,8.7,95分钟,头脑特工队 Inside Out
爱尔兰 / 加拿大 / 英国 / 美国,伦尼·阿伯拉罕森,"剧情,家庭",英语,8.8,118分钟,房间 Room
日本,宫崎骏,"动画,奇幻,冒险",日语,8.5,103分钟,魔女宅急便 魔女の宅急便
美国 / 德国 / 捷克,道格·里曼,"动作,悬疑,惊悚",英语 / 法语 / 德语 / 荷兰语 / 意大利语,8.5,119分钟,谍影重重 The Bourne Identity
美国 / 德国,保罗·格林格拉斯,"动作,悬疑,惊悚",英语 / 俄语 / 德语 / 意大利语,8.5,108分钟,谍影重重2 The Bourne Supremacy
美国,阿尔弗雷德·希区柯克,"悬疑,惊悚,恐怖",英语,8.9,109分钟,惊魂记 Psycho
日本,神山征二郎,剧情,日语,9.0,107 分钟,忠犬八公物语 ハチ公物語
香港,徐克,"剧情,奇幻,古装",粤语,8.4,99分钟,青蛇
英国 / 美国,莫滕·泰杜姆,"剧情,同性,传记,战争",英语 / 德语,8.5,114分钟,模仿游戏 The Imitation Game
美国,约翰·卡尼,"喜剧,爱情,音乐",英语,8.5,104分钟,再次出发之纽约遇见你 Begin Again
日本,是枝裕和,剧情,日语,9.0,141分钟,无人知晓 誰も知らない
日本,小津安二郎,"剧情,家庭",日语,9.2,136 分钟,东京物语 東京物語
中国大陆,"严定宪,王树忱,徐景达","动画,奇幻,冒险",汉语普通话,8.9,65分钟,哪吒闹海
瑞典,汉内斯·赫尔姆,剧情,瑞典语 / 波斯语,8.7,116分钟,一个叫欧维的男人决定去死 En man som heter Ove
印度,卡比尔·汗,"剧情,喜剧,动作",印地语 / 乌尔都语,8.5,159分钟,小萝莉的猴神大叔 Bajrangi Bhaijaan
法国 / 美国 / 意大利,吕克·贝松,"剧情,爱情",法语 / 英语 / 意大利语,8.7,132分钟(法国),碧海蓝天 Le grand bleu
意大利,保罗·格诺维塞,"剧情,喜剧",意大利语,8.6,97分钟,完美陌生人 Perfetti sconosciuti
日本,新海诚,"剧情,爱情,动画",日语,8.4,106分钟,你的名字。 君の名は。
美国 / 法国,雷德利·斯科特,"剧情,惊悚,犯罪",英语,8.7,130 分钟,末路狂花 Thelma & Louise
美国 / 加拿大,邓肯·琼斯,"科幻,悬疑,惊悚",英语,8.3,93分钟,源代码 Source Code
美国 / 法国,詹姆斯·卡梅隆,"动作,科幻",英语 / 西班牙语,8.6,137分钟,终结者2：审判日 Terminator 2: Judgment Day
日本,新海诚,"剧情,爱情,动画",日语,8.3,63分钟,秒速5厘米 秒速5センチメートル
美国 / 澳大利亚,"莉莉·沃卓斯基,拉娜·沃卓斯基","动作,科幻",英语 / 法语,8.5,129 分钟,黑客帝国3：矩阵革命 The Matrix Revolutions
香港 / 中国大陆,李惠民,"剧情,动作,武侠,古装",汉语普通话 / 粤语,8.5,88分钟,新龙门客栈 新龍門客棧
美国,弗兰克·德拉邦特,"剧情,悬疑,犯罪,奇幻",英语 / 法语,8.7,189 分钟,绿里奇迹 The Green Mile
英国 / 德国 / 法国,理查德·柯蒂斯,"剧情,喜剧,音乐",英语,8.6,116 分钟,海盗电台 The Boat That Rocked
美国,理查德·沙因克曼,"剧情,科幻",英语,8.5,87 分钟,这个男人来自地球 The Man from Earth
美国,迈克尔·贝,"动作,冒险",英语,8.5,136分钟,勇闯夺命岛 The Rock
美国,查理·卓别林,"剧情,喜剧,爱情",英语,9.2,87 分钟,城市之光 City Lights
美国,迈克尔·柯蒂兹,"剧情,爱情,战争",英语 / 法语 / 德语 / 意大利语,8.6,102 分钟,卡萨布兰卡 Casablanca
美国 / 德国,昆汀·塔伦蒂诺,"剧情,犯罪",英语 / 德语 / 法语 / 意大利语,8.4,153分钟,无耻混蛋 Inglourious Basterds
泰国,"普特鹏·普罗萨卡·那·萨克那卡林,华森·波克彭","剧情,喜剧,爱情",泰语 / 印度尼西亚语 / 英语,8.2,118分钟(泰国),初恋这件小事 สิ่งเล็กเล็กที่เรียกว่า...รัก
美国,吴宇森,"动作,科幻,惊悚,犯罪",英语 / 拉丁语,8.4,138分钟,变脸 Face/Off
英国 / 美国,斯坦利·库布里克,"剧情,科幻,犯罪",英语,8.4,136 分钟,发条橙 A Clockwork Orange
美国,史蒂文·斯皮尔伯格,"剧情,科幻",英语,8.5,115分钟,E.T. 外星人 E.T.: The Extra-Terrestrial
意大利 / 西班牙 / 西德,赛尔乔·莱翁内,"西部,冒险",意大利语 / 英语,9.1,161 分钟,"黄金三镖客 Il buono, il brutto, il cattivo."
美国,理查德·林克莱特,"剧情,爱情",英语 / 希腊语 / 法语,8.8,109分钟,爱在午夜降临前 Before Midnight
美国,萨姆·门德斯,"剧情,爱情,家庭",英语,8.4,122分钟,美国丽人 American Beauty
美国,西恩·潘,"剧情,传记,冒险",英语 / 丹麦语,8.6,148分钟,荒野生存 Into the Wild
法国 / 德国 / 意大利 / 西班牙 / 瑞士,"雅克·贝汉, 雅克·克鲁奥德,米歇尔·德巴",纪录片,法语,9.1,98分钟(法国),迁徙的鸟 Le peuple migrateur
美国,瑞奇·摩尔,"喜剧,动画,奇幻,冒险",英语,8.6,101分钟,无敌破坏王 Wreck-It Ralph
日本,是枝裕和,"剧情,家庭",日语,8.8,115分钟,步履不停 歩いても 歩いても
中国大陆 / 香港,宁浩,"喜剧,犯罪",汉语普通话 / 重庆话,8.2,106 分钟(香港),疯狂的石头
美国 / 英国,安东尼·明格拉,"剧情,爱情,战争",英语 / 德语 / 意大利语 / 阿拉伯语,8.4,162分钟,英国病人 The English Patient
日本,岩井俊二,"剧情,犯罪",日语 / 粤语 / 英语 / 汉语普通话,8.6,148分钟,燕尾蝶 スワロウテイル
德国 / 美国,布莱恩·辛格,"剧情,悬疑,惊悚,犯罪",英语 / 匈牙利语 / 西班牙语 / 法语,8.6,106分钟,非常嫌疑犯 The Usual Suspects
美国 / 英国,詹姆斯·沃德·布柯特,"科幻,悬疑,惊悚",英语,8.4,89分钟,彗星来的那一夜 Coherence
美国,加文·欧康诺,"剧情,家庭,运动",英语,8.9,140分钟,勇士 Warrior
英国 / 澳大利亚 / 美国,汤姆·霍珀,"剧情,传记,历史",英语,8.3,118分钟,国王的演讲 The King's Speech
美国 / 德国,爱德华·兹威克,"剧情,惊悚,冒险",英语 / 门德语 / 南非荷兰语,8.5,143 分钟,血钻 Blood Diamond
美国,彼得·维纳,"剧情,传记",英语,8.6,95分钟,叫我第一名 Front of the Class
法国 / 美国,大卫·林奇,"剧情,悬疑,惊悚",英语 / 西班牙语,8.3,147分钟,穆赫兰道 Mulholland Dr.
日本,是枝裕和,"剧情,家庭",日语,8.6,127分钟,海街日记 海街diary
美国,汤姆·麦卡锡,"剧情,传记",英语,8.8,128分钟,聚焦 Spotlight
博茨瓦纳 / 南非,加美·尤伊斯,喜剧,英语 / 南非荷兰语 / Ungwatsi,8.6,109 分钟,上帝也疯狂 The Gods Must Be Crazy
香港,杜琪峰,"剧情,动作,犯罪",粤语,8.6,84分钟(香港),枪火 鎗火
韩国,秋昌旼,"剧情,爱情",韩语,9.0,118分钟,我爱你 그대를 사랑합니다
美国,罗伯·莱纳,"剧情,喜剧,冒险",英语,8.5,97 分钟,遗愿清单 The Bucket List
美国 / 德国 / 英国,艾伦·帕克,"剧情,悬疑,犯罪",英语 / 西班牙语,8.6,130 分钟,大卫·戈尔的一生 The Life of David Gale
美国,雷德利·斯科特,"动作,历史,战争",英语 / 索马里语,8.5,144分钟,黑鹰坠落 Black Hawk Down
美国,罗伯特·泽米吉斯,"剧情,冒险",英语 / 俄语,8.5,143分钟,荒岛余生 Cast Away
台湾 / 法国,易智言,"剧情,爱情,同性",汉语普通话,8.3,85分钟,蓝色大门 藍色大門
美国,安德鲁·尼科尔,"剧情,科幻",英语 / 世界语,8.7,106分钟,千钧一发 Gattaca
韩国,李廷香,"剧情,家庭",韩语,9.0,80分钟,爱·回家 집으로...
